decimal_year,year,month,sample_date,tai_utc,ut1_utc,delta_t_seconds
1972.04166667,1972,1,1972-01-15,10,-0.0861595,42.2701595
1972.12500000,1972,2,1972-02-15,10,-0.1890314,42.3730314
1972.20833333,1972,3,1972-03-15,10,-0.2872767,42.4712767
1972.29166667,1972,4,1972-04-15,10,-0.3975619,42.5815619
1972.37500000,1972,5,1972-05-15,10,-0.5009773,42.6849773
1972.45833333,1972,6,1972-06-15,10,-0.5972967,42.7812967
1972.54166667,1972,7,1972-07-15,11,0.3253726,42.8586274
1972.62500000,1972,8,1972-08-15,11,0.2452079,42.9387921
1972.70833333,1972,9,1972-09-15,11,0.1637230,43.0202770
1972.79166667,1972,10,1972-10-15,11,0.0657940,43.1182060
1972.87500000,1972,11,1972-11-15,11,-0.0325392,43.2165392
1972.95833333,1972,12,1972-12-15,11,-0.1340125,43.3180125
1973.04166667,1973,1,1973-01-15,12,0.7653050,43.4186950
1973.12500000,1973,2,1973-02-15,12,0.6663255,43.5176745
1973.20833333,1973,3,1973-03-15,12,0.5728156,43.6111844
1973.29166667,1973,4,1973-04-15,12,0.4596818,43.7243182
1973.37500000,1973,5,1973-05-15,12,0.3582797,43.8257203
1973.45833333,1973,6,1973-06-15,12,0.2678286,43.9161714
1973.54166667,1973,7,1973-07-15,12,0.1963743,43.9876257
1973.62500000,1973,8,1973-08-15,12,0.1190738,44.0649262
1973.70833333,1973,9,1973-09-15,12,0.0327283,44.1512717
1973.79166667,1973,10,1973-10-15,12,-0.0583805,44.2423805
1973.87500000,1973,11,1973-11-15,12,-0.1595283,44.3435283
1973.95833333,1973,12,1973-12-15,12,-0.2539163,44.4379163
1974.04166667,1974,1,1974-01-15,13,0.6611475,44.5228525
1974.12500000,1974,2,1974-02-15,13,0.5799802,44.6040198
1974.20833333,1974,3,1974-03-15,13,0.4978518,44.6861482
1974.29166667,1974,4,1974-04-15,13,0.4052663,44.7787337
1974.37500000,1974,5,1974-05-15,13,0.3051746,44.8788254
1974.45833333,1974,6,1974-06-15,13,0.2211077,44.9628923
1974.54166667,1974,7,1974-07-15,13,0.1584568,45.0255432
1974.62500000,1974,8,1974-08-15,13,0.0952837,45.0887163
1974.70833333,1974,9,1974-09-15,13,0.0205535,45.1634465
1974.79166667,1974,10,1974-10-15,13,-0.0656749,45.2496749
1974.87500000,1974,11,1974-11-15,13,-0.1588394,45.3428394
1974.95833333,1974,12,1974-12-15,13,-0.2472219,45.4312219
1975.04166667,1975,1,1975-01-15,14,0.6705873,45.5134127
1975.12500000,1975,2,1975-02-15,14,0.5800485,45.6039515
1975.20833333,1975,3,1975-03-15,14,0.5003037,45.6836963
1975.29166667,1975,4,1975-04-15,14,0.4064586,45.7775414
1975.37500000,1975,5,1975-05-15,14,0.3169784,45.8670216
1975.45833333,1975,6,1975-06-15,14,0.2371561,45.9468439
1975.54166667,1975,7,1975-07-15,14,0.1736007,46.0103993
1975.62500000,1975,8,1975-08-15,14,0.1128431,46.0711569
1975.70833333,1975,9,1975-09-15,14,0.0422135,46.1417865
1975.79166667,1975,10,1975-10-15,14,-0.0430692,46.2270692
1975.87500000,1975,11,1975-11-15,14,-0.1395121,46.3235121
1975.95833333,1975,12,1975-12-15,14,-0.2268559,46.4108559
1976.04166667,1976,1,1976-01-15,15,0.6903350,46.4936650
1976.12500000,1976,2,1976-02-15,15,0.5991008,46.5848992
1976.20833333,1976,3,1976-03-15,15,0.5126528,46.6713472
1976.29166667,1976,4,1976-04-15,15,0.4064285,46.7775715
1976.37500000,1976,5,1976-05-15,15,0.3086521,46.8753479
1976.45833333,1976,6,1976-06-15,15,0.2216076,46.9623924
1976.54166667,1976,7,1976-07-15,15,0.1533442,47.0306558
1976.62500000,1976,8,1976-08-15,15,0.0800955,47.1039045
1976.70833333,1976,9,1976-09-15,15,-0.0004562,47.1844562
1976.79166667,1976,10,1976-10-15,15,-0.0980239,47.2820239
1976.87500000,1976,11,1976-11-15,15,-0.1985998,47.3825998
1976.95833333,1976,12,1976-12-15,15,-0.2886586,47.4726586
1977.04166667,1977,1,1977-01-15,16,0.6250104,47.5589896
1977.12500000,1977,2,1977-02-15,16,0.5400904,47.6439096
1977.20833333,1977,3,1977-03-15,16,0.4601616,47.7238384
1977.29166667,1977,4,1977-04-15,16,0.3596345,47.8243655
1977.37500000,1977,5,1977-05-15,16,0.2616514,47.9223486
1977.45833333,1977,6,1977-06-15,16,0.1818351,48.0021649
1977.54166667,1977,7,1977-07-15,16,0.1243430,48.0596570
1977.62500000,1977,8,1977-08-15,16,0.0651316,48.1188684
1977.70833333,1977,9,1977-09-15,16,-0.0144687,48.1984687
1977.79166667,1977,10,1977-10-15,16,-0.1042320,48.2882320
1977.87500000,1977,11,1977-11-15,16,-0.2044794,48.3884794
1977.95833333,1977,12,1977-12-15,16,-0.2964058,48.4804058
1978.04166667,1978,1,1978-01-15,17,0.6039358,48.5800642
1978.12500000,1978,2,1978-02-15,17,0.5038952,48.6801048
1978.20833333,1978,3,1978-03-15,17,0.4057622,48.7782378
1978.29166667,1978,4,1978-04-15,17,0.3013086,48.8826914
1978.37500000,1978,5,1978-05-15,17,0.2062742,48.9777258
1978.45833333,1978,6,1978-06-15,17,0.1191717,49.0648283
1978.54166667,1978,7,1978-07-15,17,0.0568393,49.1271607
1978.62500000,1978,8,1978-08-15,17,-0.0031723,49.1871723
1978.70833333,1978,9,1978-09-15,17,-0.0793409,49.2633409
1978.79166667,1978,10,1978-10-15,17,-0.1677763,49.3517763
1978.87500000,1978,11,1978-11-15,17,-0.2617988,49.4457988
1978.95833333,1978,12,1978-12-15,17,-0.3534612,49.5374612
1979.04166667,1979,1,1979-01-15,18,0.5564233,49.6275767
1979.12500000,1979,2,1979-02-15,18,0.4651758,49.7188242
1979.20833333,1979,3,1979-03-15,18,0.3841948,49.7998052
1979.29166667,1979,4,1979-04-15,18,0.2870843,49.8969157
1979.37500000,1979,5,1979-05-15,18,0.1952971,49.9887029
1979.45833333,1979,6,1979-06-15,18,0.1181307,50.0658693
1979.54166667,1979,7,1979-07-15,18,0.0513345,50.1326655
1979.62500000,1979,8,1979-08-15,18,-0.0095028,50.1935028
1979.70833333,1979,9,1979-09-15,18,-0.0751901,50.2591901
1979.79166667,1979,10,1979-10-15,18,-0.1528442,50.3368442
1979.87500000,1979,11,1979-11-15,18,-0.2340844,50.4180844
1979.95833333,1979,12,1979-12-15,18,-0.3115504,50.4955504
1980.04166667,1980,1,1980-01-15,19,0.6110716,50.5729284
1980.12500000,1980,2,1980-02-15,19,0.5372916,50.6467084
1980.20833333,1980,3,1980-03-15,19,0.4650469,50.7189531
1980.29166667,1980,4,1980-04-15,19,0.3799870,50.8040130
1980.37500000,1980,5,1980-05-15,19,0.3020653,50.8819347
1980.45833333,1980,6,1980-06-15,19,0.2360965,50.9479035
1980.54166667,1980,7,1980-07-15,19,0.1841650,50.9998350
1980.62500000,1980,8,1980-08-15,19,0.1337874,51.0502126
1980.70833333,1980,9,1980-09-15,19,0.0698829,51.1141171
1980.79166667,1980,10,1980-10-15,19,-0.0023645,51.1863645
1980.87500000,1980,11,1980-11-15,19,-0.0808328,51.2648328
1980.95833333,1980,12,1980-12-15,19,-0.1549940,51.3389940
1981.04166667,1981,1,1981-01-15,19,-0.2303522,51.4143522
1981.12500000,1981,2,1981-02-15,19,-0.3011143,51.4851143
1981.20833333,1981,3,1981-03-15,19,-0.3738220,51.5578220
1981.29166667,1981,4,1981-04-15,19,-0.4537188,51.6377188
1981.37500000,1981,5,1981-05-15,19,-0.5328526,51.7168526
1981.45833333,1981,6,1981-06-15,19,-0.6037202,51.7877202
1981.54166667,1981,7,1981-07-15,20,0.3536653,51.8303347
1981.62500000,1981,8,1981-08-15,20,0.3090828,51.8749172
1981.70833333,1981,9,1981-09-15,20,0.2607284,51.9232716
1981.79166667,1981,10,1981-10-15,20,0.1912802,51.9927198
1981.87500000,1981,11,1981-11-15,20,0.1180411,52.0659589
1981.95833333,1981,12,1981-12-15,20,0.0530722,52.1309278
1982.04166667,1982,1,1982-01-15,20,-0.0148927,52.1988927
1982.12500000,1982,2,1982-02-15,20,-0.0774895,52.2614895
1982.20833333,1982,3,1982-03-15,20,-0.1433460,52.3273460
1982.29166667,1982,4,1982-04-15,20,-0.2203035,52.4043035
1982.37500000,1982,5,1982-05-15,20,-0.2948639,52.4788639
1982.45833333,1982,6,1982-06-15,20,-0.3605931,52.5445931
1982.54166667,1982,7,1982-07-15,21,0.5901657,52.5938343
1982.62500000,1982,8,1982-08-15,21,0.5474747,52.6365253
1982.70833333,1982,9,1982-09-15,21,0.4848339,52.6991661
1982.79166667,1982,10,1982-10-15,21,0.4162802,52.7677198
1982.87500000,1982,11,1982-11-15,21,0.3436156,52.8403844
1982.95833333,1982,12,1982-12-15,21,0.2693201,52.9146799
1983.04166667,1983,1,1983-01-15,21,0.1920135,52.9919865
1983.12500000,1983,2,1983-02-15,21,0.0995907,53.0844093
1983.20833333,1983,3,1983-03-15,21,0.0173195,53.1666805
1983.29166667,1983,4,1983-04-15,21,-0.0749399,53.2589399
1983.37500000,1983,5,1983-05-15,21,-0.1517448,53.3357448
1983.45833333,1983,6,1983-06-15,21,-0.2209165,53.4049165
1983.54166667,1983,7,1983-07-15,22,0.7302855,53.4537145
1983.62500000,1983,8,1983-08-15,22,0.6814504,53.5025496
1983.70833333,1983,9,1983-09-15,22,0.6279028,53.5560972
1983.79166667,1983,10,1983-10-15,22,0.5685858,53.6154142
1983.87500000,1983,11,1983-11-15,22,0.4965799,53.6874201
1983.95833333,1983,12,1983-12-15,22,0.4314572,53.7525428
1984.04166667,1984,1,1984-01-15,22,0.3718412,53.8121588
1984.12500000,1984,2,1984-02-15,22,0.3263326,53.8576674
1984.20833333,1984,3,1984-03-15,22,0.2752822,53.9087178
1984.29166667,1984,4,1984-04-15,22,0.2120333,53.9719667
1984.37500000,1984,5,1984-05-15,22,0.1537731,54.0302269
1984.45833333,1984,6,1984-06-15,22,0.1132904,54.0707096
1984.54166667,1984,7,1984-07-15,22,0.0896877,54.0943123
1984.62500000,1984,8,1984-08-15,22,0.0621344,54.1218656
1984.70833333,1984,9,1984-09-15,22,0.0195265,54.1644735
1984.79166667,1984,10,1984-10-15,22,-0.0304048,54.2144048
1984.87500000,1984,11,1984-11-15,22,-0.0835056,54.2675056
1984.95833333,1984,12,1984-12-15,22,-0.1331916,54.3171916
1985.04166667,1985,1,1985-01-15,22,-0.1832752,54.3672752
1985.12500000,1985,2,1985-02-15,22,-0.2263070,54.4103070
1985.20833333,1985,3,1985-03-15,22,-0.2745129,54.4585129
1985.29166667,1985,4,1985-04-15,22,-0.3323757,54.5163757
1985.37500000,1985,5,1985-05-15,22,-0.3870855,54.5710855
1985.45833333,1985,6,1985-06-15,22,-0.4330398,54.6170398
1985.54166667,1985,7,1985-07-15,23,0.5409127,54.6430873
1985.62500000,1985,8,1985-08-15,23,0.5217612,54.6622388
1985.70833333,1985,9,1985-09-15,23,0.4916072,54.6923928
1985.79166667,1985,10,1985-10-15,23,0.4419955,54.7420045
1985.87500000,1985,11,1985-11-15,23,0.3851709,54.7988291
1985.95833333,1985,12,1985-12-15,23,0.3342903,54.8497097
1986.04166667,1986,1,1986-01-15,23,0.2936231,54.8903769
1986.12500000,1986,2,1986-02-15,23,0.2446835,54.9393165
1986.20833333,1986,3,1986-03-15,23,0.2066307,54.9773693
1986.29166667,1986,4,1986-04-15,23,0.1627280,55.0212720
1986.37500000,1986,5,1986-05-15,23,0.1142927,55.0697073
1986.45833333,1986,6,1986-06-15,23,0.0854683,55.0985317
1986.54166667,1986,7,1986-07-15,23,0.0621577,55.1218423
1986.62500000,1986,8,1986-08-15,23,0.0419206,55.1420794
1986.70833333,1986,9,1986-09-15,23,0.0164617,55.1675383
1986.79166667,1986,10,1986-10-15,23,-0.0300254,55.2140254
1986.87500000,1986,11,1986-11-15,23,-0.0782905,55.2622905
1986.95833333,1986,12,1986-12-15,23,-0.1175734,55.3015734
1987.04166667,1987,1,1987-01-15,23,-0.1556718,55.3396718
1987.12500000,1987,2,1987-02-15,23,-0.1965549,55.3805549
1987.20833333,1987,3,1987-03-15,23,-0.2465024,55.4305024
1987.29166667,1987,4,1987-04-15,23,-0.3011894,55.4851894
1987.37500000,1987,5,1987-05-15,23,-0.3465893,55.5305893
1987.45833333,1987,6,1987-06-15,23,-0.3838510,55.5678510
1987.54166667,1987,7,1987-07-15,23,-0.4075921,55.5915921
1987.62500000,1987,8,1987-08-15,23,-0.4269026,55.6109026
1987.70833333,1987,9,1987-09-15,23,-0.4596190,55.6436190
1987.79166667,1987,10,1987-10-15,23,-0.5048807,55.6888807
1987.87500000,1987,11,1987-11-15,23,-0.5566573,55.7406573
1987.95833333,1987,12,1987-12-15,23,-0.6065639,55.7905639
1988.04166667,1988,1,1988-01-15,24,0.3436142,55.8403858
1988.12500000,1988,2,1988-02-15,24,0.3008791,55.8831209
1988.20833333,1988,3,1988-03-15,24,0.2460655,55.9379345
1988.29166667,1988,4,1988-04-15,24,0.1890419,55.9949581
1988.37500000,1988,5,1988-05-15,24,0.1379624,56.0460376
1988.45833333,1988,6,1988-06-15,24,0.0982130,56.0857870
1988.54166667,1988,7,1988-07-15,24,0.0840408,56.0999592
1988.62500000,1988,8,1988-08-15,24,0.0661493,56.1178507
1988.70833333,1988,9,1988-09-15,24,0.0425678,56.1414322
1988.79166667,1988,10,1988-10-15,24,0.0029990,56.1810010
1988.87500000,1988,11,1988-11-15,24,-0.0457322,56.2297322
1988.95833333,1988,12,1988-12-15,24,-0.0948140,56.2788140
1989.04166667,1989,1,1989-01-15,24,-0.1337755,56.3177755
1989.12500000,1989,2,1989-02-15,24,-0.1789667,56.3629667
1989.20833333,1989,3,1989-03-15,24,-0.2188390,56.4028390
1989.29166667,1989,4,1989-04-15,24,-0.2665191,56.4505191
1989.37500000,1989,5,1989-05-15,24,-0.3213792,56.5053792
1989.45833333,1989,6,1989-06-15,24,-0.3697609,56.5537609
1989.54166667,1989,7,1989-07-15,24,-0.3965350,56.5805350
1989.62500000,1989,8,1989-08-15,24,-0.4272215,56.6112215
1989.70833333,1989,9,1989-09-15,24,-0.4645284,56.6485284
1989.79166667,1989,10,1989-10-15,24,-0.5139981,56.6979981
1989.87500000,1989,11,1989-11-15,24,-0.5790772,56.7630772
1989.95833333,1989,12,1989-12-15,24,-0.6416645,56.8256645
1990.04166667,1990,1,1990-01-15,25,0.3044919,56.8795081
1990.12500000,1990,2,1990-02-15,25,0.2391219,56.9448781
1990.20833333,1990,3,1990-03-15,25,0.1784749,57.0055251
1990.29166667,1990,4,1990-04-15,25,0.1052244,57.0787756
1990.37500000,1990,5,1990-05-15,25,0.0454190,57.1385810
1990.45833333,1990,6,1990-06-15,25,-0.0117223,57.1957223
1990.54166667,1990,7,1990-07-15,25,-0.0561337,57.2401337
1990.62500000,1990,8,1990-08-15,25,-0.0959700,57.2799700
1990.70833333,1990,9,1990-09-15,25,-0.1486231,57.3326231
1990.79166667,1990,10,1990-10-15,25,-0.2119239,57.3959239
1990.87500000,1990,11,1990-11-15,25,-0.2822975,57.4662975
1990.95833333,1990,12,1990-12-15,25,-0.3480159,57.5320159
1991.04166667,1991,1,1991-01-15,26,0.5876512,57.5963488
1991.12500000,1991,2,1991-02-15,26,0.5204135,57.6635865
1991.20833333,1991,3,1991-03-15,26,0.4560398,57.7279602
1991.29166667,1991,4,1991-04-15,26,0.3808887,57.8031113
1991.37500000,1991,5,1991-05-15,26,0.3102239,57.8737761
1991.45833333,1991,6,1991-06-15,26,0.2494392,57.9345608
1991.54166667,1991,7,1991-07-15,26,0.2083032,57.9756968
1991.62500000,1991,8,1991-08-15,26,0.1674982,58.0165018
1991.70833333,1991,9,1991-09-15,26,0.1118826,58.0721174
1991.79166667,1991,10,1991-10-15,26,0.0507933,58.1332067
1991.87500000,1991,11,1991-11-15,26,-0.0149780,58.1989780
1991.95833333,1991,12,1991-12-15,26,-0.0864218,58.2704218
1992.04166667,1992,1,1992-01-15,26,-0.1566036,58.3406036
1992.12500000,1992,2,1992-02-15,26,-0.2333607,58.4173607
1992.20833333,1992,3,1992-03-15,26,-0.3062725,58.4902725
1992.29166667,1992,4,1992-04-15,26,-0.3959113,58.5799113
1992.37500000,1992,5,1992-05-15,26,-0.4724653,58.6564653
1992.45833333,1992,6,1992-06-15,26,-0.5324067,58.7164067
1992.54166667,1992,7,1992-07-15,27,0.4250669,58.7589331
1992.62500000,1992,8,1992-08-15,27,0.3779655,58.8060345
1992.70833333,1992,9,1992-09-15,27,0.3185415,58.8654585
1992.79166667,1992,10,1992-10-15,27,0.2551396,58.9288604
1992.87500000,1992,11,1992-11-15,27,0.1803926,59.0036074
1992.95833333,1992,12,1992-12-15,27,0.1041447,59.0798553
1993.04166667,1993,1,1993-01-15,27,0.0248116,59.1591884
1993.12500000,1993,2,1993-02-15,27,-0.0552556,59.2392556
1993.20833333,1993,3,1993-03-15,27,-0.1291389,59.3131389
1993.29166667,1993,4,1993-04-15,27,-0.2142323,59.3982323
1993.37500000,1993,5,1993-05-15,27,-0.2979866,59.4819866
1993.45833333,1993,6,1993-06-15,27,-0.3698246,59.5538246
1993.54166667,1993,7,1993-07-15,28,0.5781207,59.6058793
1993.62500000,1993,8,1993-08-15,28,0.5253938,59.6586062
1993.70833333,1993,9,1993-09-15,28,0.4628254,59.7211746
1993.79166667,1993,10,1993-10-15,28,0.3897850,59.7942150
1993.87500000,1993,11,1993-11-15,28,0.3088736,59.8751264
1993.95833333,1993,12,1993-12-15,28,0.2404544,59.9435456
1994.04166667,1994,1,1994-01-15,28,0.1663660,60.0176340
1994.12500000,1994,2,1994-02-15,28,0.0966095,60.0873905
1994.20833333,1994,3,1994-03-15,28,0.0238837,60.1601163
1994.29166667,1994,4,1994-04-15,28,-0.0546687,60.2386687
1994.37500000,1994,5,1994-05-15,28,-0.1301342,60.3141342
1994.45833333,1994,6,1994-06-15,28,-0.1926377,60.3766377
1994.54166667,1994,7,1994-07-15,29,0.7651476,60.4188524
1994.62500000,1994,8,1994-08-15,29,0.7196716,60.4643284
1994.70833333,1994,9,1994-09-15,29,0.6625879,60.5214121
1994.79166667,1994,10,1994-10-15,29,0.5907027,60.5932973
1994.87500000,1994,11,1994-11-15,29,0.5162229,60.6677771
1994.95833333,1994,12,1994-12-15,29,0.4443893,60.7396107
1995.04166667,1995,1,1995-01-15,29,0.3626271,60.8213729
1995.12500000,1995,2,1995-02-15,29,0.2829285,60.9010715
1995.20833333,1995,3,1995-03-15,29,0.2052481,60.9787519
1995.29166667,1995,4,1995-04-15,29,0.1181646,61.0658354
1995.37500000,1995,5,1995-05-15,29,0.0361929,61.1478071
1995.45833333,1995,6,1995-06-15,29,-0.0341627,61.2181627
1995.54166667,1995,7,1995-07-15,29,-0.0837130,61.2677130
1995.62500000,1995,8,1995-08-15,29,-0.1253262,61.3093262
1995.70833333,1995,9,1995-09-15,29,-0.1832022,61.3672022
1995.79166667,1995,10,1995-10-15,29,-0.2528996,61.4368996
1995.87500000,1995,11,1995-11-15,29,-0.3246548,61.5086548
1995.95833333,1995,12,1995-12-15,29,-0.4013246,61.5853246
1996.04166667,1996,1,1996-01-15,30,0.5298885,61.6541115
1996.12500000,1996,2,1996-02-15,30,0.4727939,61.7112061
1996.20833333,1996,3,1996-03-15,30,0.4071952,61.7768048
1996.29166667,1996,4,1996-04-15,30,0.3366807,61.8473193
1996.37500000,1996,5,1996-05-15,30,0.2663571,61.9176429
1996.45833333,1996,6,1996-06-15,30,0.2089496,61.9750504
1996.54166667,1996,7,1996-07-15,30,0.1708832,62.0131168
1996.62500000,1996,8,1996-08-15,30,0.1348019,62.0491981
1996.70833333,1996,9,1996-09-15,30,0.0942849,62.0897151
1996.79166667,1996,10,1996-10-15,30,0.0380065,62.1459935
1996.87500000,1996,11,1996-11-15,30,-0.0246921,62.2086921
1996.95833333,1996,12,1996-12-15,30,-0.0788290,62.2628290
1997.04166667,1997,1,1997-01-15,30,-0.1392693,62.3232693
1997.12500000,1997,2,1997-02-15,30,-0.1904969,62.3744969
1997.20833333,1997,3,1997-03-15,30,-0.2498996,62.4338996
1997.29166667,1997,4,1997-04-15,30,-0.3276761,62.5116761
1997.37500000,1997,5,1997-05-15,30,-0.3930689,62.5770689
1997.45833333,1997,6,1997-06-15,30,-0.4539726,62.6379726
1997.54166667,1997,7,1997-07-15,31,0.5154488,62.6685512
1997.62500000,1997,8,1997-08-15,31,0.4709736,62.7130264
1997.70833333,1997,9,1997-09-15,31,0.4236301,62.7603699
1997.79166667,1997,10,1997-10-15,31,0.3619963,62.8220037
1997.87500000,1997,11,1997-11-15,31,0.2947002,62.8892998
1997.95833333,1997,12,1997-12-15,31,0.2437628,62.9402372
1998.04166667,1998,1,1998-01-15,31,0.1942562,62.9897438
1998.12500000,1998,2,1998-02-15,31,0.1319703,63.0520297
1998.20833333,1998,3,1998-03-15,31,0.0735368,63.1104632
1998.29166667,1998,4,1998-04-15,31,0.0112628,63.1727372
1998.37500000,1998,5,1998-05-15,31,-0.0454290,63.2294290
1998.45833333,1998,6,1998-06-15,31,-0.0898043,63.2738043
1998.54166667,1998,7,1998-07-15,31,-0.1054210,63.2894210
1998.62500000,1998,8,1998-08-15,31,-0.1209981,63.3049981
1998.70833333,1998,9,1998-09-15,31,-0.1431916,63.3271916
1998.79166667,1998,10,1998-10-15,31,-0.1795572,63.3635572
1998.87500000,1998,11,1998-11-15,31,-0.2268480,63.4108480
1998.95833333,1998,12,1998-12-15,31,-0.2670051,63.4510051
1999.04166667,1999,1,1999-01-15,32,0.7037846,63.4802154
1999.12500000,1999,2,1999-02-15,32,0.6699746,63.5140254
1999.20833333,1999,3,1999-03-15,32,0.6397578,63.5442422
1999.29166667,1999,4,1999-04-15,32,0.5971342,63.5868658
1999.37500000,1999,5,1999-05-15,32,0.5576882,63.6263118
1999.45833333,1999,6,1999-06-15,32,0.5261673,63.6578327
1999.54166667,1999,7,1999-07-15,32,0.5148668,63.6691332
1999.62500000,1999,8,1999-08-15,32,0.5027777,63.6812223
1999.70833333,1999,9,1999-09-15,32,0.4811822,63.7028178
1999.79166667,1999,10,1999-10-15,32,0.4545502,63.7294498
1999.87500000,1999,11,1999-11-15,32,0.4136381,63.7703619
1999.95833333,1999,12,1999-12-15,32,0.3767123,63.8072877
2000.04166667,2000,1,2000-01-15,32,0.3456908,63.8383092
2000.12500000,2000,2,2000-02-15,32,0.3166409,63.8673591
2000.20833333,2000,3,2000-03-15,32,0.2892918,63.8947082
2000.29166667,2000,4,2000-04-15,32,0.2616345,63.9223655
2000.37500000,2000,5,2000-05-15,32,0.2281017,63.9558983
2000.45833333,2000,6,2000-06-15,32,0.2060271,63.9779729
2000.54166667,2000,7,2000-07-15,32,0.1996400,63.9843600
2000.62500000,2000,8,2000-08-15,32,0.1999917,63.9840083
2000.70833333,2000,9,2000-09-15,32,0.1860645,63.9979355
2000.79166667,2000,10,2000-10-15,32,0.1645321,64.0194679
2000.87500000,2000,11,2000-11-15,32,0.1296928,64.0543072
2000.95833333,2000,12,2000-12-15,32,0.1031910,64.0808090
2001.04166667,2001,1,2001-01-15,32,0.0833100,64.1006900
2001.12500000,2001,2,2001-02-15,32,0.0689814,64.1150186
2001.20833333,2001,3,2001-03-15,32,0.0382778,64.1457222
2001.29166667,2001,4,2001-04-15,32,0.0125209,64.1714791
2001.37500000,2001,5,2001-05-15,32,-0.0137076,64.1977076
2001.45833333,2001,6,2001-06-15,32,-0.0247405,64.2087405
2001.54166667,2001,7,2001-07-15,32,-0.0267583,64.2107583
2001.62500000,2001,8,2001-08-15,32,-0.0224659,64.2064659
2001.70833333,2001,9,2001-09-15,32,-0.0306045,64.2146045
2001.79166667,2001,10,2001-10-15,32,-0.0496038,64.2336038
2001.87500000,2001,11,2001-11-15,32,-0.0796701,64.2636701
2001.95833333,2001,12,2001-12-15,32,-0.1018719,64.2858719
2002.04166667,2002,1,2002-01-15,32,-0.1260456,64.3100456
2002.12500000,2002,2,2002-02-15,32,-0.1469725,64.3309725
2002.20833333,2002,3,2002-03-15,32,-0.1743371,64.3583371
2002.29166667,2002,4,2002-04-15,32,-0.1989814,64.3829814
2002.37500000,2002,5,2002-05-15,32,-0.2193356,64.4033356
2002.45833333,2002,6,2002-06-15,32,-0.2281840,64.4121840
2002.54166667,2002,7,2002-07-15,32,-0.2309121,64.4149121
2002.62500000,2002,8,2002-08-15,32,-0.2256950,64.4096950
2002.70833333,2002,9,2002-09-15,32,-0.2304252,64.4144252
2002.79166667,2002,10,2002-10-15,32,-0.2400890,64.4240890
2002.87500000,2002,11,2002-11-15,32,-0.2573361,64.4413361
2002.95833333,2002,12,2002-12-15,32,-0.2782267,64.4622267
2003.04166667,2003,1,2003-01-15,32,-0.2984007,64.4824007
2003.12500000,2003,2,2003-02-15,32,-0.3117118,64.4957118
2003.20833333,2003,3,2003-03-15,32,-0.3286184,64.5126184
2003.29166667,2003,4,2003-04-15,32,-0.3532350,64.5372350
2003.37500000,2003,5,2003-05-15,32,-0.3689375,64.5529375
2003.45833333,2003,6,2003-06-15,32,-0.3747764,64.5587764
2003.54166667,2003,7,2003-07-15,32,-0.3592165,64.5432165
2003.62500000,2003,8,2003-08-15,32,-0.3519919,64.5359919
2003.70833333,2003,9,2003-09-15,32,-0.3533972,64.5373972
2003.79166667,2003,10,2003-10-15,32,-0.3626993,64.5466993
2003.87500000,2003,11,2003-11-15,32,-0.3737759,64.5577759
2003.95833333,2003,12,2003-12-15,32,-0.3819895,64.5659895
2004.04166667,2004,1,2004-01-15,32,-0.3960892,64.5800892
2004.12500000,2004,2,2004-02-15,32,-0.4096876,64.5936876
2004.20833333,2004,3,2004-03-15,32,-0.4224788,64.6064788
2004.29166667,2004,4,2004-04-15,32,-0.4467361,64.6307361
2004.37500000,2004,5,2004-05-15,32,-0.4644447,64.6484447
2004.45833333,2004,6,2004-06-15,32,-0.4726199,64.6566199
2004.54166667,2004,7,2004-07-15,32,-0.4619262,64.6459262
2004.62500000,2004,8,2004-08-15,32,-0.4509251,64.6349251
2004.70833333,2004,9,2004-09-15,32,-0.4509643,64.6349643
2004.79166667,2004,10,2004-10-15,32,-0.4623684,64.6463684
2004.87500000,2004,11,2004-11-15,32,-0.4795109,64.6635109
2004.95833333,2004,12,2004-12-15,32,-0.4965091,64.6805091
2005.04166667,2005,1,2005-01-15,32,-0.5124927,64.6964927
2005.12500000,2005,2,2005-02-15,32,-0.5329684,64.7169684
2005.20833333,2005,3,2005-03-15,32,-0.5641554,64.7481554
2005.29166667,2005,4,2005-04-15,32,-0.5828579,64.7668579
2005.37500000,2005,5,2005-05-15,32,-0.6083497,64.7923497
2005.45833333,2005,6,2005-06-15,32,-0.6150831,64.7990831
2005.54166667,2005,7,2005-07-15,32,-0.6076704,64.7916704
2005.62500000,2005,8,2005-08-15,32,-0.6022774,64.7862774
2005.70833333,2005,9,2005-09-15,32,-0.6005910,64.7845910
2005.79166667,2005,10,2005-10-15,32,-0.6144111,64.7984111
2005.87500000,2005,11,2005-11-15,32,-0.6369084,64.8209084
2005.95833333,2005,12,2005-12-15,32,-0.6539380,64.8379380
2006.04166667,2006,1,2006-01-15,33,0.3340550,64.8499450
2006.12500000,2006,2,2006-02-15,33,0.3123960,64.8716040
2006.20833333,2006,3,2006-03-15,33,0.2860859,64.8979141
2006.29166667,2006,4,2006-04-15,33,0.2533437,64.9306563
2006.37500000,2006,5,2006-05-15,33,0.2195137,64.9644863
2006.45833333,2006,6,2006-06-15,33,0.2007661,64.9832339
2006.54166667,2006,7,2006-07-15,33,0.1868578,64.9971422
2006.62500000,2006,8,2006-08-15,33,0.1755904,65.0084096
2006.70833333,2006,9,2006-09-15,33,0.1594832,65.0245168
2006.79166667,2006,10,2006-10-15,33,0.1266898,65.0573102
2006.87500000,2006,11,2006-11-15,33,0.0893216,65.0946784
2006.95833333,2006,12,2006-12-15,33,0.0556448,65.1283552
2007.04166667,2007,1,2007-01-15,33,0.0238229,65.1601771
2007.12500000,2007,2,2007-02-15,33,-0.0172769,65.2012769
2007.20833333,2007,3,2007-03-15,33,-0.0433167,65.2273167
2007.29166667,2007,4,2007-04-15,33,-0.0859190,65.2699190
2007.37500000,2007,5,2007-05-15,33,-0.1261050,65.3101050
2007.45833333,2007,6,2007-06-15,33,-0.1523610,65.3363610
2007.54166667,2007,7,2007-07-15,33,-0.1620338,65.3460338
2007.62500000,2007,8,2007-08-15,33,-0.1631466,65.3471466
2007.70833333,2007,9,2007-09-15,33,-0.1732566,65.3572566
2007.79166667,2007,10,2007-10-15,33,-0.1982427,65.3822427
2007.87500000,2007,11,2007-11-15,33,-0.2237161,65.4077161
2007.95833333,2007,12,2007-12-15,33,-0.2566552,65.4406552
2008.04166667,2008,1,2008-01-15,33,-0.2856046,65.4696046
2008.12500000,2008,2,2008-02-15,33,-0.3182287,65.5022287
2008.20833333,2008,3,2008-03-15,33,-0.3437843,65.5277843
2008.29166667,2008,4,2008-04-15,33,-0.3776605,65.5616605
2008.37500000,2008,5,2008-05-15,33,-0.4138181,65.5978181
2008.45833333,2008,6,2008-06-15,33,-0.4378563,65.6218563
2008.54166667,2008,7,2008-07-15,33,-0.4491919,65.6331919
2008.62500000,2008,8,2008-08-15,33,-0.4566097,65.6406097
2008.70833333,2008,9,2008-09-15,33,-0.4741117,65.6581117
2008.79166667,2008,10,2008-10-15,33,-0.5045378,65.6885378
2008.87500000,2008,11,2008-11-15,33,-0.5411528,65.7251528
2008.95833333,2008,12,2008-12-15,33,-0.5787741,65.7627741
2009.04166667,2009,1,2009-01-15,34,0.3923477,65.7916523
2009.12500000,2009,2,2009-02-15,34,0.3691801,65.8148199
2009.20833333,2009,3,2009-03-15,34,0.3431745,65.8408255
2009.29166667,2009,4,2009-04-15,34,0.3074334,65.8765666
2009.37500000,2009,5,2009-05-15,34,0.2709409,65.9130591
2009.45833333,2009,6,2009-06-15,34,0.2421289,65.9418711
2009.54166667,2009,7,2009-07-15,34,0.2339957,65.9500043
2009.62500000,2009,8,2009-08-15,34,0.2275898,65.9564102
2009.70833333,2009,9,2009-09-15,34,0.2126896,65.9713104
2009.79166667,2009,10,2009-10-15,34,0.1861560,65.9978440
2009.87500000,2009,11,2009-11-15,34,0.1556979,66.0283021
2009.95833333,2009,12,2009-12-15,34,0.1286022,66.0553978
2010.04166667,2010,1,2010-01-15,34,0.1033179,66.0806821
2010.12500000,2010,2,2010-02-15,34,0.0724261,66.1115739
2010.20833333,2010,3,2010-03-15,34,0.0362124,66.1477876
2010.29166667,2010,4,2010-04-15,34,-0.0011024,66.1851024
2010.37500000,2010,5,2010-05-15,34,-0.0349856,66.2189856
2010.45833333,2010,6,2010-06-15,34,-0.0576002,66.2416002
2010.54166667,2010,7,2010-07-15,34,-0.0537931,66.2377931
2010.62500000,2010,8,2010-08-15,34,-0.0504865,66.2344865
2010.70833333,2010,9,2010-09-15,34,-0.0564331,66.2404331
2010.79166667,2010,10,2010-10-15,34,-0.0752142,66.2592142
2010.87500000,2010,11,2010-11-15,34,-0.1064500,66.2904500
2010.95833333,2010,12,2010-12-15,34,-0.1309912,66.3149912
2011.04166667,2011,1,2011-01-15,34,-0.1463280,66.3303280
2011.12500000,2011,2,2011-02-15,34,-0.1646675,66.3486675
2011.20833333,2011,3,2011-03-15,34,-0.1910495,66.3750495
2011.29166667,2011,4,2011-04-15,34,-0.2272981,66.4112981
2011.37500000,2011,5,2011-05-15,34,-0.2618333,66.4458333
2011.45833333,2011,6,2011-06-15,34,-0.2887905,66.4727905
2011.54166667,2011,7,2011-07-15,34,-0.2915625,66.4755625
2011.62500000,2011,8,2011-08-15,34,-0.2937438,66.4777438
2011.70833333,2011,9,2011-09-15,34,-0.3055097,66.4895097
2011.79166667,2011,10,2011-10-15,34,-0.3375327,66.5215327
2011.87500000,2011,11,2011-11-15,34,-0.3690021,66.5530021
2011.95833333,2011,12,2011-12-15,34,-0.3981640,66.5821640
2012.04166667,2012,1,2012-01-15,34,-0.4340314,66.6180314
2012.12500000,2012,2,2012-02-15,34,-0.4631618,66.6471618
2012.20833333,2012,3,2012-03-15,34,-0.4868827,66.6708827
2012.29166667,2012,4,2012-04-15,34,-0.5283026,66.7123026
2012.37500000,2012,5,2012-05-15,34,-0.5606233,66.7446233
2012.45833333,2012,6,2012-06-15,34,-0.5844978,66.7684978
2012.54166667,2012,7,2012-07-15,35,0.4133906,66.7706094
2012.62500000,2012,8,2012-08-15,35,0.4072260,66.7767740
2012.70833333,2012,9,2012-09-15,35,0.3911408,66.7928592
2012.79166667,2012,10,2012-10-15,35,0.3608727,66.8231273
2012.87500000,2012,11,2012-11-15,35,0.3278155,66.8561845
2012.95833333,2012,12,2012-12-15,35,0.2900026,66.8939974
2013.04166667,2013,1,2013-01-15,35,0.2615521,66.9224479
2013.12500000,2013,2,2013-02-15,35,0.2232784,66.9607216
2013.20833333,2013,3,2013-03-15,35,0.1843035,66.9996965
2013.29166667,2013,4,2013-04-15,35,0.1359141,67.0480859
2013.37500000,2013,5,2013-05-15,35,0.0937165,67.0902835
2013.45833333,2013,6,2013-06-15,35,0.0684908,67.1155092
2013.54166667,2013,7,2013-07-15,35,0.0574029,67.1265971
2013.62500000,2013,8,2013-08-15,35,0.0470576,67.1369424
2013.70833333,2013,9,2013-09-15,35,0.0280076,67.1559924
2013.79166667,2013,10,2013-10-15,35,-0.0047081,67.1887081
2013.87500000,2013,11,2013-11-15,35,-0.0435577,67.2275577
2013.95833333,2013,12,2013-12-15,35,-0.0788703,67.2628703
2014.04166667,2014,1,2014-01-15,35,-0.1111660,67.2951660
2014.12500000,2014,2,2014-02-15,35,-0.1424475,67.3264475
2014.20833333,2014,3,2014-03-15,35,-0.1812187,67.3652187
2014.29166667,2014,4,2014-04-15,35,-0.2233979,67.4073979
2014.37500000,2014,5,2014-05-15,35,-0.2654058,67.4494058
2014.45833333,2014,6,2014-06-15,35,-0.2914131,67.4754131
2014.54166667,2014,7,2014-07-15,35,-0.3085064,67.4925064
2014.62500000,2014,8,2014-08-15,35,-0.3207972,67.5047972
2014.70833333,2014,9,2014-09-15,35,-0.3391232,67.5231232
2014.79166667,2014,10,2014-10-15,35,-0.3678828,67.5518828
2014.87500000,2014,11,2014-11-15,35,-0.4042393,67.5882393
2014.95833333,2014,12,2014-12-15,35,-0.4394119,67.6234119
2015.04166667,2015,1,2015-01-15,35,-0.4726793,67.6566793
2015.12500000,2015,2,2015-02-15,35,-0.5090477,67.6930477
2015.20833333,2015,3,2015-03-15,35,-0.5452054,67.7292054
2015.29166667,2015,4,2015-04-15,35,-0.5945568,67.7785568
2015.37500000,2015,5,2015-05-15,35,-0.6361499,67.8201499
2015.45833333,2015,6,2015-06-15,35,-0.6674415,67.8514415
2015.54166667,2015,7,2015-07-15,36,0.3101367,67.8738633
2015.62500000,2015,8,2015-08-15,36,0.2894182,67.8945818
2015.70833333,2015,9,2015-09-15,36,0.2540437,67.9299563
2015.79166667,2015,10,2015-10-15,36,0.2090434,67.9749566
2015.87500000,2015,11,2015-11-15,36,0.1577298,68.0262702
2015.95833333,2015,12,2015-12-15,36,0.1105065,68.0734935
2016.04166667,2016,1,2016-01-15,36,0.0546433,68.1293567
2016.12500000,2016,2,2016-02-15,36,0.0035034,68.1804966
2016.20833333,2016,3,2016-03-15,36,-0.0497668,68.2337668
2016.29166667,2016,4,2016-04-15,36,-0.1103011,68.2943011
2016.37500000,2016,5,2016-05-15,36,-0.1594537,68.3434537
2016.45833333,2016,6,2016-06-15,36,-0.2024258,68.3864258
2016.54166667,2016,7,2016-07-15,36,-0.2199981,68.4039981
2016.62500000,2016,8,2016-08-15,36,-0.2329880,68.4169880
2016.70833333,2016,9,2016-09-15,36,-0.2583016,68.4423016
2016.79166667,2016,10,2016-10-15,36,-0.2970271,68.4810271
2016.87500000,2016,11,2016-11-15,36,-0.3471086,68.5311086
2016.95833333,2016,12,2016-12-15,36,-0.3902622,68.5742622
2017.04166667,2017,1,2017-01-15,37,0.5724482,68.6115518
2017.12500000,2017,2,2017-02-15,37,0.5343223,68.6496777
2017.20833333,2017,3,2017-03-15,37,0.4963503,68.6876497
2017.29166667,2017,4,2017-04-15,37,0.4492444,68.7347556
2017.37500000,2017,5,2017-05-15,37,0.4029798,68.7810202
2017.45833333,2017,6,2017-06-15,37,0.3693452,68.8146548
2017.54166667,2017,7,2017-07-15,37,0.3551376,68.8288624
2017.62500000,2017,8,2017-08-15,37,0.3416548,68.8423452
2017.70833333,2017,9,2017-09-15,37,0.3277308,68.8562692
2017.79166667,2017,10,2017-10-15,37,0.3023366,68.8816634
2017.87500000,2017,11,2017-11-15,37,0.2648310,68.9191690
2017.95833333,2017,12,2017-12-15,37,0.2301449,68.9538551
2018.04166667,2018,1,2018-01-15,37,0.2081094,68.9758906
2018.12500000,2018,2,2018-02-15,37,0.1800285,69.0039715
2018.20833333,2018,3,2018-03-15,37,0.1532194,69.0307806
2018.29166667,2018,4,2018-04-15,37,0.1215701,69.0624299
2018.37500000,2018,5,2018-05-15,37,0.0894081,69.0945919
2018.45833333,2018,6,2018-06-15,37,0.0693087,69.1146913
2018.54166667,2018,7,2018-07-15,37,0.0716902,69.1123098
2018.62500000,2018,8,2018-08-15,37,0.0657262,69.1182738
2018.70833333,2018,9,2018-09-15,37,0.0563961,69.1276039
2018.79166667,2018,10,2018-10-15,37,0.0345237,69.1494763
2018.87500000,2018,11,2018-11-15,37,0.0059726,69.1780274
2018.95833333,2018,12,2018-12-15,37,-0.0221963,69.2061963
2019.04166667,2019,1,2019-01-15,37,-0.0441419,69.2281419
2019.12500000,2019,2,2019-02-15,37,-0.0739690,69.2579690
2019.20833333,2019,3,2019-03-15,37,-0.1004688,69.2844688
2019.29166667,2019,4,2019-04-15,37,-0.1340708,69.3180708
2019.37500000,2019,5,2019-05-15,37,-0.1601841,69.3441841
2019.45833333,2019,6,2019-06-15,37,-0.1753572,69.3593572
2019.54166667,2019,7,2019-07-15,37,-0.1698085,69.3538085
2019.62500000,2019,8,2019-08-15,37,-0.1567325,69.3407325
2019.70833333,2019,9,2019-09-15,37,-0.1533171,69.3373171
2019.79166667,2019,10,2019-10-15,37,-0.1522347,69.3362347
2019.87500000,2019,11,2019-11-15,37,-0.1641959,69.3481959
2019.95833333,2019,12,2019-12-15,37,-0.1721003,69.3561003
2020.04166667,2020,1,2020-01-15,37,-0.1799543,69.3639543
2020.12500000,2020,2,2020-02-15,37,-0.1981377,69.3821377
2020.20833333,2020,3,2020-03-15,37,-0.2181787,69.4021787
2020.29166667,2020,4,2020-04-15,37,-0.2378589,69.4218589
2020.37500000,2020,5,2020-05-15,37,-0.2507604,69.4347604
2020.45833333,2020,6,2020-06-15,37,-0.2511455,69.4351455
2020.54166667,2020,7,2020-07-15,37,-0.2249892,69.4089892
2020.62500000,2020,8,2020-08-15,37,-0.1984422,69.3824422
2020.70833333,2020,9,2020-09-15,37,-0.1757085,69.3597085
2020.79166667,2020,10,2020-10-15,37,-0.1699480,69.3539480
2020.87500000,2020,11,2020-11-15,37,-0.1786182,69.3626182
2020.95833333,2020,12,2020-12-15,37,-0.1801153,69.3641153
2021.04166667,2021,1,2021-01-15,37,-0.1724606,69.3564606
2021.12500000,2021,2,2021-02-15,37,-0.1706473,69.3546473
2021.20833333,2021,3,2021-03-15,37,-0.1719515,69.3559515
2021.29166667,2021,4,2021-04-15,37,-0.1778557,69.3618557
2021.37500000,2021,5,2021-05-15,37,-0.1828031,69.3668031
2021.45833333,2021,6,2021-06-15,37,-0.1776041,69.3616041
2021.54166667,2021,7,2021-07-15,37,-0.1524225,69.3364225
2021.62500000,2021,8,2021-08-15,37,-0.1331531,69.3171531
2021.70833333,2021,9,2021-09-15,37,-0.1124265,69.2964265
2021.79166667,2021,10,2021-10-15,37,-0.1048215,69.2888215
2021.87500000,2021,11,2021-11-15,37,-0.1080024,69.2920024
2021.95833333,2021,12,2021-12-15,37,-0.1091980,69.2931980
2022.04166667,2022,1,2022-01-15,37,-0.1111643,69.2951643
2022.12500000,2022,2,2022-02-15,37,-0.1029937,69.2869937
2022.20833333,2022,3,2022-03-15,37,-0.0998830,69.2838830
2022.29166667,2022,4,2022-04-15,37,-0.0968994,69.2808994
2022.37500000,2022,5,2022-05-15,37,-0.0973670,69.2813670
2022.45833333,2022,6,2022-06-15,37,-0.0859830,69.2699830
2022.54166667,2022,7,2022-07-15,37,-0.0552630,69.2392630
2022.62500000,2022,8,2022-08-15,37,-0.0279699,69.2119699
2022.70833333,2022,9,2022-09-15,37,-0.0109071,69.1949071
2022.79166667,2022,10,2022-10-15,37,-0.0051876,69.1891876
2022.87500000,2022,11,2022-11-15,37,-0.0153549,69.1993549
2022.95833333,2022,12,2022-12-15,37,-0.0170929,69.2010929
2023.04166667,2023,1,2023-01-15,37,-0.0175710,69.2015710
2023.12500000,2023,2,2023-02-15,37,-0.0123539,69.1963539
2023.20833333,2023,3,2023-03-15,37,-0.0200627,69.2040627
2023.29166667,2023,4,2023-04-15,37,-0.0292623,69.2132623
2023.37500000,2023,5,2023-05-15,37,-0.0417802,69.2257802
2023.45833333,2023,6,2023-06-15,37,-0.0446551,69.2286551
2023.54166667,2023,7,2023-07-15,37,-0.0265924,69.2105924
2023.62500000,2023,8,2023-08-15,37,-0.0071499,69.1911499
2023.70833333,2023,9,2023-09-15,37,0.0091161,69.1748839
2023.79166667,2023,10,2023-10-15,37,0.0136477,69.1703523
2023.87500000,2023,11,2023-11-15,37,0.0103917,69.1736083
2023.95833333,2023,12,2023-12-15,37,0.0124641,69.1715359
2024.04166667,2024,1,2024-01-15,37,0.0077133,69.1762867
2024.12500000,2024,2,2024-02-15,37,-0.0017383,69.1857383
2024.20833333,2024,3,2024-03-15,37,-0.0090671,69.1930671
2024.29166667,2024,4,2024-04-15,37,-0.0172120,69.2012120
2024.37500000,2024,5,2024-05-15,37,-0.0199271,69.2039271
2024.45833333,2024,6,2024-06-15,37,-0.0165937,69.2005937
2024.54166667,2024,7,2024-07-15,37,0.0120369,69.1719631
2024.62500000,2024,8,2024-08-15,37,0.0393138,69.1446862
2024.70833333,2024,9,2024-09-15,37,0.0592715,69.1247285
2024.79166667,2024,10,2024-10-15,37,0.0589997,69.1250003
2024.87500000,2024,11,2024-11-15,37,0.0516336,69.1323664
2024.95833333,2024,12,2024-12-15,37,0.0481179,69.1358821
2025.04166667,2025,1,2025-01-15,37,0.0443507,69.1396493
2025.12500000,2025,2,2025-02-15,37,0.0463526,69.1376474
2025.20833333,2025,3,2025-03-15,37,0.0428866,69.1411134
2025.29166667,2025,4,2025-04-15,37,0.0333302,69.1506698
2025.37500000,2025,5,2025-05-15,37,0.0291609,69.1548391
2025.45833333,2025,6,2025-06-15,37,0.0342891,69.1497109
2025.54166667,2025,7,2025-07-15,37,0.0558070,69.1281930
2025.62500000,2025,8,2025-08-15,37,0.0723898,69.1116102
2025.70833333,2025,9,2025-09-15,37,0.0888980,69.0951020
2025.79166667,2025,10,2025-10-15,37,0.0944875,69.0895125
2025.87500000,2025,11,2025-11-15,37,0.0856680,69.0983320
2025.95833333,2025,12,2025-12-15,37,0.0749312,69.1090688
2026.04166667,2026,1,2026-01-05,37,0.0743982,69.1096018
